order_id,merchant_id,order_amount,ordered_at
O001,M001,10000,2026-07-01 10:00:00
O002,M001,5000,2026-07-01 11:00:00
O003,M002,8000,2026-07-02 09:30:00
O004,M002,12000,2026-07-02 14:00:00
O005,M003,20000,2026-07-03 10:15:00
O006,M003,15000,2026-07-03 16:20:00
O007,M001,3000,2026-07-04 12:00:00
O008,M002,10000,2026-07-04 15:30:00
O009,M005,14633,2026-08-15 13:55:00
O010,M001,16223,2026-08-26 08:27:00
O011,M005,17813,2026-07-10 13:40:00
O012,M001,19403,2026-07-21 08:53:00
O013,M003,20993,2026-08-01 13:25:00
O014,M006,21106,2026-08-12 08:38:00
O015,M002,22696,2026-08-23 13:51:00
O016,M005,24286,2026-07-07 08:23:00
O017,M001,25876,2026-07-18 13:36:00
O018,M003,27466,2026-07-29 08:49:00
O019,M006,29056,2026-08-09 13:21:00
O020,M002,30646,2026-08-20 08:34:00
O021,M005,30759,2026-08-31 13:47:00
O022,M002,32349,2026-07-15 09:00:00
O023,M005,33939,2026-07-26 13:32:00
O024,M001,35529,2026-08-06 08:45:00
O025,M999,37119,2026-08-17 13:58:00
O026,M004,38709,2026-08-28 08:30:00
O027,M002,40299,2026-07-12 13:43:00
O028,M005,40412,2026-07-23 08:56:00
O029,M001,42002,2026-08-03 13:28:00
O030,M003,43592,2026-08-14 08:41:00
O031,M006,45182,2026-08-25 13:54:00
O032,M002,46772,2026-07-09 08:26:00
O033,M006,2162,2026-07-20 13:39:00
O034,M002,3752,2026-07-31 08:52:00
O035,M005,3865,2026-08-11 13:24:00
O036,M001,5455,2026-08-22 08:37:00
O037,M003,7045,2026-07-06 13:50:00
O038,M006,8635,2026-07-17 08:22:00
O039,M002,10225,2026-07-28 13:35:00
O040,M005,11815,2026-08-08 08:48:00
O041,M001,13405,2026-08-19 13:20:00
O042,M003,13518,2026-08-30 08:33:00
O043,M006,15108,2026-07-14 13:46:00
O044,M003,16698,2026-07-25 08:59:00
O045,M006,18288,2026-08-05 13:31:00
O046,M002,19878,2026-08-16 08:44:00
O047,M005,21468,2026-08-27 13:57:00
O048,M001,23058,2026-07-11 08:29:00
O049,M003,23171,2026-07-22 13:42:00
O050,M006,24761,2026-08-02 08:55:00
O051,M002,26351,2026-08-13 13:27:00
O052,M005,27941,2026-08-24 08:40:00
O053,M001,29531,2026-07-08 13:53:00
O054,M003,31121,2026-07-19 08:25:00
O055,M001,32711,2026-07-30 13:38:00
O056,M003,32824,2026-08-10 08:51:00
O057,M006,34414,2026-08-21 13:23:00
O058,M002,36004,2026-07-05 08:36:00
O059,M005,37594,2026-07-16 13:49:00
O060,M001,39184,2026-07-27 08:21:00
O061,M003,40774,2026-08-07 13:34:00
O062,M006,42364,2026-08-18 08:47:00
O063,M002,42477,2026-08-29 14:00:00
O064,M005,44067,2026-07-13 08:32:00
O065,M001,45657,2026-07-24 13:45:00
O066,M005,47247,2026-08-04 08:58:00
O067,M001,2637,2026-08-15 13:30:00
O068,M003,4227,2026-08-26 08:43:00
O069,M006,5817,2026-07-10 13:56:00
O070,M002,5930,2026-07-21 08:28:00
O071,M005,7520,2026-08-01 13:41:00
O072,M001,9110,2026-08-12 08:54:00
O073,M003,10700,2026-08-23 13:26:00
O074,M006,12290,2026-07-07 08:39:00
O075,M002,13880,2026-07-18 13:52:00
O076,M005,15470,2026-07-29 08:24:00
O077,M002,15583,2026-08-09 13:37:00
O078,M005,17173,2026-08-20 08:50:00
O079,M001,18763,2026-08-31 13:22:00
O080,M003,20353,2026-07-15 08:35:00
O081,M006,21943,2026-07-26 13:48:00
O082,M002,23533,2026-08-06 08:20:00
O083,M005,25123,2026-08-17 13:33:00
O084,M001,25236,2026-08-28 08:46:00
O085,M003,26826,2026-07-12 13:59:00
O086,M006,28416,2026-07-23 08:31:00
O087,M002,30006,2026-08-03 13:44:00
O088,M006,31596,2026-08-14 08:57:00
O089,M002,33186,2026-08-25 13:29:00
O090,M005,34776,2026-07-09 08:42:00
O091,M001,34889,2026-07-20 13:55:00
O092,M003,36479,2026-07-31 08:27:00
O093,M006,38069,2026-08-11 13:40:00
O094,M002,39659,2026-08-22 08:53:00
O095,M005,41249,2026-07-06 13:25:00
O096,M001,42839,2026-07-17 08:38:00
O097,M003,44429,2026-07-28 13:51:00
O098,M006,44542,2026-08-08 08:23:00
O099,M003,46132,2026-08-19 13:36:00
O100,M006,47722,2026-08-30 08:49:00
O101,M002,3112,2026-07-14 13:21:00
O102,M005,4702,2026-07-25 08:34:00
O103,M001,6292,2026-08-05 13:47:00
O104,M003,7882,2026-08-16 09:00:00
O105,M006,7995,2026-08-27 13:32:00
O106,M002,9585,2026-07-11 08:45:00
O107,M005,11175,2026-07-22 13:58:00
O108,M001,12765,2026-08-02 08:30:00
O109,M003,14355,2026-08-13 13:43:00
O110,M001,15945,2026-08-24 08:56:00
O111,M003,17535,2026-07-08 13:28:00
O112,M006,17648,2026-07-19 08:41:00
O113,M002,19238,2026-07-30 13:54:00
O114,M005,20828,2026-08-10 08:26:00
O115,M001,22418,2026-08-21 13:39:00
O116,M003,24008,2026-07-05 08:52:00
O117,M006,25598,2026-07-16 13:24:00
O118,M002,27188,2026-07-27 08:37:00
O119,M005,27301,2026-08-07 13:50:00
O120,M001,28891,2026-08-18 08:22:00
O121,M005,30481,2026-08-29 13:35:00
O122,M001,32071,2026-07-13 08:48:00
O123,M003,33661,2026-07-24 13:20:00
O124,M006,35251,2026-08-04 08:33:00
O125,M002,36841,2026-08-15 13:46:00
O126,M005,36954,2026-08-26 08:59:00
O127,M001,38544,2026-07-10 13:31:00
O128,M003,40134,2026-07-21 08:44:00
O129,M006,41724,2026-08-01 13:57:00
O130,M002,43314,2026-08-12 08:29:00
O131,M005,44904,2026-08-23 13:42:00
O132,M002,46494,2026-07-07 08:55:00
O133,M005,46607,2026-07-18 13:27:00
O134,M001,1997,2026-07-29 08:40:00
O135,M003,3587,2026-08-09 13:53:00
O136,M006,5177,2026-08-20 08:25:00
O137,M002,6767,2026-08-31 13:38:00
O138,M005,8357,2026-07-15 08:51:00
O139,M001,9947,2026-07-26 13:23:00
O140,M003,10060,2026-08-06 08:36:00
O141,M006,11650,2026-08-17 13:49:00
O142,M002,13240,2026-08-28 08:21:00
O143,M006,14830,2026-07-12 13:34:00
O144,M002,16420,2026-07-23 08:47:00
O145,M005,18010,2026-08-03 14:00:00
O146,M001,19600,2026-08-14 08:32:00
O147,M003,19713,2026-08-25 13:45:00
O148,M006,21303,2026-07-09 08:58:00
O149,M002,22893,2026-07-20 13:30:00
O150,M005,24483,2026-07-31 08:43:00
O151,M001,26073,2026-08-11 13:56:00
O152,M003,27663,2026-08-22 08:28:00
O153,M006,29253,2026-07-06 13:41:00
O154,M003,29366,2026-07-17 08:54:00
O155,M006,30956,2026-07-28 13:26:00
O156,M002,32546,2026-08-08 08:39:00
O157,M005,34136,2026-08-19 13:52:00
O158,M001,35726,2026-08-30 08:24:00
O159,M003,37316,2026-07-14 13:37:00
O160,M006,38906,2026-07-25 08:50:00
O161,M002,39019,2026-08-05 13:22:00
O162,M005,40609,2026-08-16 08:35:00
O163,M001,42199,2026-08-27 13:48:00
O164,M003,43789,2026-07-11 08:20:00
O165,M001,45379,2026-07-22 13:33:00
O166,M003,46969,2026-08-02 08:46:00
O167,M006,2359,2026-08-13 13:59:00
O168,M002,2472,2026-08-24 08:31:00
O169,M005,4062,2026-07-08 13:44:00
O170,M001,5652,2026-07-19 08:57:00
O171,M003,7242,2026-07-30 13:29:00
O172,M006,8832,2026-08-10 08:42:00
O173,M002,10422,2026-08-21 13:55:00
O174,M005,12012,2026-07-05 08:27:00
O175,M001,12125,2026-07-16 13:40:00
O176,M005,13715,2026-07-27 08:53:00
O177,M001,15305,2026-08-07 13:25:00
O178,M003,16895,2026-08-18 08:38:00
O179,M006,18485,2026-08-29 13:51:00
O180,M002,20075,2026-07-13 08:23:00
O181,M005,21665,2026-07-24 13:36:00
O182,M001,21778,2026-08-04 08:49:00
O183,M003,23368,2026-08-15 13:21:00
O184,M006,24958,2026-08-26 08:34:00
O185,M002,26548,2026-07-10 13:47:00
O186,M005,28138,2026-07-21 09:00:00
O187,M002,29728,2026-08-01 13:32:00
O188,M005,31318,2026-08-12 08:45:00
O189,M001,31431,2026-08-23 13:58:00
O190,M003,33021,2026-07-07 08:30:00
O191,M006,34611,2026-07-18 13:43:00
O192,M002,36201,2026-07-29 08:56:00
O193,M005,37791,2026-08-09 13:28:00
O194,M001,39381,2026-08-20 08:41:00
O195,M003,40971,2026-08-31 13:54:00
O196,M006,41084,2026-07-15 08:26:00
O197,M002,42674,2026-07-26 13:39:00
O198,M006,44264,2026-08-06 08:52:00
O199,M002,45854,2026-08-17 13:24:00
O200,M005,47444,2026-08-28 08:37:00
