payment_id,order_id,payment_amount,payment_status,settlement_batch_id,paid_at
P001,O001,10000,SUCCESS,B001,2026-07-01 10:01:00
P002,O002,4500,SUCCESS,B002,2026-07-01 11:01:00
P003,O003,8000,FAILED,,2026-07-02 09:31:00
P005,O005,20000,SUCCESS,B005,2026-07-03 10:16:00
P006,O006,15000,SUCCESS,B006,2026-07-03 16:21:00
P007,O007,3000,SUCCESS,B007,2026-07-04 12:01:00
P008,O008,10000,SUCCESS,B008,2026-07-04 15:31:00
P010,O010,16223,FAILED,,2026-08-26 08:29:00
P012,O012,19403,FAILED,,2026-07-21 08:55:00
P013,O013,20993,SUCCESS,B013,2026-08-01 13:30:00
P014,O014,21106,SUCCESS,B014,2026-08-12 08:44:00
P015,O015,22696,SUCCESS,B015,2026-08-23 13:58:00
P016,O016,24286,SUCCESS,B016,2026-07-07 08:31:00
P017,O017,25705,SUCCESS,B017,2026-07-18 13:45:00
P018,O018,27292,SUCCESS,B018,2026-07-29 08:48:00
P019,O019,28879,SUCCESS,B019,2026-08-09 13:23:00
P020,O020,30646,SUCCESS,B020,2026-08-20 08:37:00
P021,O021,30759,SUCCESS,B021,2026-08-31 13:51:00
P022,O022,32349,SUCCESS,B022,2026-07-15 09:05:00
P023,O023,33939,SUCCESS,B023,2026-07-26 13:38:00
P024,O024,35529,SUCCESS,B024,2026-08-06 08:52:00
P025,O025,37119,SUCCESS,B025,2026-08-17 14:06:00
P026,O026,38709,SUCCESS,B026,2026-08-28 08:39:00
P027,O027,40299,SUCCESS,B027,2026-07-12 13:44:00
P028,O028,40412,SUCCESS,B028,2026-07-23 08:58:00
P029,O029,42002,SUCCESS,B029,2026-08-03 13:21:00
P030,O030,43592,SUCCESS,B030,2026-08-14 08:45:00
P031,O031,45182,SUCCESS,B031,2026-08-25 13:59:00
P032,O032,46772,SUCCESS,B032,2026-07-09 08:32:00
P033,O033,2162,SUCCESS,B033,2026-07-20 13:46:00
P034,O034,3752,SUCCESS,B034,2026-07-31 09:00:00
P035,O035,3865,SUCCESS,B035,2026-08-11 13:33:00
P036,O036,5455,SUCCESS,B036,2026-08-22 08:38:00
P037,O037,7045,SUCCESS,B037,2026-07-06 13:52:00
P038,O038,8635,SUCCESS,B038,2026-07-17 08:25:00
P039,O039,10225,SUCCESS,B039,2026-07-28 13:39:00
P040,O040,11815,SUCCESS,B040,2026-08-08 08:53:00
P041,O041,13405,SUCCESS,B041,2026-08-19 13:26:00
P042,O042,13518,SUCCESS,B042,2026-08-30 08:40:00
P043,O043,15108,SUCCESS,B043,2026-07-14 13:54:00
P044,O044,16698,SUCCESS,B044,2026-07-25 09:08:00
P045,O045,18288,SUCCESS,B045,2026-08-05 13:32:00
P046,O046,19878,SUCCESS,B046,2026-08-16 08:46:00
P047,O047,21468,SUCCESS,B047,2026-08-27 14:00:00
P048,O048,23058,SUCCESS,B048,2026-07-11 08:33:00
P049,O049,23171,SUCCESS,B049,2026-07-22 13:47:00
P050,O050,24761,SUCCESS,B050,2026-08-02 09:01:00
P051,O051,26351,SUCCESS,B051,2026-08-13 13:34:00
P052,O052,27941,SUCCESS,B052,2026-08-24 08:48:00
P053,O053,29531,SUCCESS,B053,2026-07-08 14:02:00
P054,O054,31121,SUCCESS,B054,2026-07-19 08:26:00
P055,O055,32711,SUCCESS,B055,2026-07-30 13:40:00
P056,O056,32824,SUCCESS,B056,2026-08-10 08:54:00
P057,O057,34414,SUCCESS,B057,2026-08-21 13:27:00
P058,O058,36004,SUCCESS,B058,2026-07-05 08:41:00
P059,O059,37594,SUCCESS,B059,2026-07-16 13:55:00
P060,O060,39184,SUCCESS,B060,2026-07-27 08:28:00
P061,O061,40774,SUCCESS,B061,2026-08-07 13:42:00
P062,O062,42364,SUCCESS,B062,2026-08-18 08:56:00
P063,O063,42477,SUCCESS,B063,2026-08-29 14:01:00
P064,O064,44067,SUCCESS,B064,2026-07-13 08:34:00
P065,O065,45657,SUCCESS,B065,2026-07-24 13:48:00
P066,O066,47247,SUCCESS,B066,2026-08-04 09:02:00
P067,O067,2637,SUCCESS,B067,2026-08-15 13:35:00
P068,O068,4227,SUCCESS,B068,2026-08-26 08:49:00
P069,O069,5817,SUCCESS,B069,2026-07-10 14:03:00
P070,O070,5930,SUCCESS,B070,2026-07-21 08:36:00
P071,O071,7520,SUCCESS,B071,2026-08-01 13:50:00
P072,O072,9110,SUCCESS,B072,2026-08-12 08:55:00
P073,O073,10700,SUCCESS,B073,2026-08-23 13:28:00
P074,O074,12290,SUCCESS,B074,2026-07-07 08:42:00
P075,O075,13880,SUCCESS,B075,2026-07-18 13:56:00
P076,O076,15470,SUCCESS,B076,2026-07-29 08:29:00
P077,O077,15583,SUCCESS,B077,2026-08-09 13:43:00
P078,O078,17173,SUCCESS,B078,2026-08-20 08:57:00
P079,O079,18763,SUCCESS,B079,2026-08-31 13:30:00
P080,O080,20353,SUCCESS,B080,2026-07-15 08:44:00
P081,O081,21943,SUCCESS,B081,2026-07-26 13:49:00
P082,O082,23533,SUCCESS,B082,2026-08-06 08:22:00
P083,O083,25123,SUCCESS,B083,2026-08-17 13:36:00
P084,O084,25236,SUCCESS,B084,2026-08-28 08:50:00
P085,O085,26826,SUCCESS,B085,2026-07-12 14:04:00
P086,O086,28416,SUCCESS,B086,2026-07-23 08:37:00
P087,O087,30006,SUCCESS,B087,2026-08-03 13:51:00
P088,O088,31596,SUCCESS,B088,2026-08-14 09:05:00
P089,O089,33186,SUCCESS,B089,2026-08-25 13:38:00
P090,O090,34776,SUCCESS,B090,2026-07-09 08:43:00
P091,O091,34889,SUCCESS,B091,2026-07-20 13:57:00
P092,O092,36479,SUCCESS,B092,2026-07-31 08:30:00
P093,O093,38069,SUCCESS,B093,2026-08-11 13:44:00
P094,O094,39659,SUCCESS,B094,2026-08-22 08:58:00
P095,O095,41249,SUCCESS,B095,2026-07-06 13:31:00
P096,O096,42839,SUCCESS,B096,2026-07-17 08:45:00
P097,O097,44429,SUCCESS,B097,2026-07-28 13:59:00
P098,O098,44542,SUCCESS,B098,2026-08-08 08:32:00
P099,O099,46132,SUCCESS,B099,2026-08-19 13:37:00
P100,O100,47722,SUCCESS,B100,2026-08-30 08:51:00
P101,O101,3112,SUCCESS,B101,2026-07-14 13:24:00
P102,O102,4702,SUCCESS,B102,2026-07-25 08:38:00
P103,O103,6292,SUCCESS,B103,2026-08-05 13:52:00
P104,O104,7882,SUCCESS,B104,2026-08-16 09:06:00
P105,O105,7995,SUCCESS,B105,2026-08-27 13:39:00
P106,O106,9585,SUCCESS,B106,2026-07-11 08:53:00
P107,O107,11175,SUCCESS,B107,2026-07-22 14:07:00
P108,O108,12765,SUCCESS,B108,2026-08-02 08:31:00
P109,O109,14355,SUCCESS,B109,2026-08-13 13:45:00
P110,O110,15945,SUCCESS,B110,2026-08-24 08:59:00
P111,O111,17535,SUCCESS,B111,2026-07-08 13:32:00
P112,O112,17648,SUCCESS,B112,2026-07-19 08:46:00
P113,O113,19238,SUCCESS,B113,2026-07-30 14:00:00
P114,O114,20828,SUCCESS,B114,2026-08-10 08:33:00
P115,O115,22418,SUCCESS,B115,2026-08-21 13:47:00
P116,O116,24008,SUCCESS,B116,2026-07-05 09:01:00
P117,O117,25598,SUCCESS,B117,2026-07-16 13:25:00
P118,O118,27188,SUCCESS,B118,2026-07-27 08:39:00
P119,O119,27301,SUCCESS,B119,2026-08-07 13:53:00
P120,O120,28891,SUCCESS,B120,2026-08-18 08:26:00
P121,O121,30481,SUCCESS,B121,2026-08-29 13:40:00
P122,O122,32071,SUCCESS,B122,2026-07-13 08:54:00
P123,O123,33661,SUCCESS,B123,2026-07-24 13:27:00
P124,O124,35251,SUCCESS,B124,2026-08-04 08:41:00
P125,O125,36841,SUCCESS,B125,2026-08-15 13:55:00
P126,O126,36954,SUCCESS,B126,2026-08-26 09:00:00
P127,O127,38544,SUCCESS,B127,2026-07-10 13:33:00
P128,O128,40134,SUCCESS,B128,2026-07-21 08:47:00
P129,O129,41724,SUCCESS,B129,2026-08-01 14:01:00
P130,O130,43314,SUCCESS,B130,2026-08-12 08:34:00
P131,O131,44904,SUCCESS,B131,2026-08-23 13:48:00
P132,O132,46494,SUCCESS,B132,2026-07-07 09:02:00
P133,O133,46607,SUCCESS,B133,2026-07-18 13:35:00
P134,O134,1997,SUCCESS,B134,2026-07-29 08:49:00
P135,O135,3587,SUCCESS,B135,2026-08-09 13:54:00
P136,O136,5177,SUCCESS,B136,2026-08-20 08:27:00
P137,O137,6767,SUCCESS,B137,2026-08-31 13:41:00
P138,O138,8357,SUCCESS,B138,2026-07-15 08:55:00
P139,O139,9947,SUCCESS,B139,2026-07-26 13:28:00
P140,O140,10060,SUCCESS,B140,2026-08-06 08:42:00
P141,O141,11650,SUCCESS,B141,2026-08-17 13:56:00
P142,O142,13240,SUCCESS,B142,2026-08-28 08:29:00
P143,O143,14830,SUCCESS,B143,2026-07-12 13:43:00
P144,O144,16420,SUCCESS,B144,2026-07-23 08:48:00
P145,O145,18010,SUCCESS,B145,2026-08-03 14:02:00
P146,O146,19600,SUCCESS,B146,2026-08-14 08:35:00
P147,O147,19713,SUCCESS,B147,2026-08-25 13:49:00
P148,O148,21303,SUCCESS,B148,2026-07-09 09:03:00
P149,O149,22893,SUCCESS,B149,2026-07-20 13:36:00
P150,O150,24483,SUCCESS,B150,2026-07-31 08:50:00
P151,O151,26073,SUCCESS,B151,2026-08-11 14:04:00
P152,O152,27663,SUCCESS,B152,2026-08-22 08:37:00
P153,O153,29253,SUCCESS,B153,2026-07-06 13:42:00
P154,O154,29366,SUCCESS,B154,2026-07-17 08:56:00
P155,O155,30956,SUCCESS,B155,2026-07-28 13:29:00
P156,O156,32546,SUCCESS,B156,2026-08-08 08:43:00
P157,O157,34136,SUCCESS,B157,2026-08-19 13:57:00
P158,O158,35726,SUCCESS,B158,2026-08-30 08:30:00
P159,O159,37316,SUCCESS,B159,2026-07-14 13:44:00
P160,O160,38906,SUCCESS,B160,2026-07-25 08:58:00
P161,O161,39019,SUCCESS,B161,2026-08-05 13:31:00
P162,O162,40609,SUCCESS,B162,2026-08-16 08:36:00
P163,O163,42199,SUCCESS,B163,2026-08-27 13:50:00
P164,O164,43789,SUCCESS,B164,2026-07-11 08:23:00
P165,O165,45379,SUCCESS,B165,2026-07-22 13:37:00
P166,O166,46969,SUCCESS,B166,2026-08-02 08:51:00
P167,O167,2359,SUCCESS,B167,2026-08-13 14:05:00
P168,O168,2472,SUCCESS,B168,2026-08-24 08:38:00
P169,O169,4062,SUCCESS,B169,2026-07-08 13:52:00
P170,O170,5652,SUCCESS,B170,2026-07-19 09:06:00
P171,O171,7242,SUCCESS,B171,2026-07-30 13:30:00
P172,O172,8832,SUCCESS,B172,2026-08-10 08:44:00
P173,O173,10422,SUCCESS,B173,2026-08-21 13:58:00
P174,O174,12012,SUCCESS,B174,2026-07-05 08:31:00
P175,O175,12125,SUCCESS,B175,2026-07-16 13:45:00
P176,O176,13715,SUCCESS,B176,2026-07-27 08:59:00
P177,O177,15305,SUCCESS,B177,2026-08-07 13:32:00
P178,O178,16895,SUCCESS,B178,2026-08-18 08:46:00
P179,O179,18485,SUCCESS,B179,2026-08-29 14:00:00
P180,O180,20075,SUCCESS,B180,2026-07-13 08:24:00
P181,O181,21665,SUCCESS,B181,2026-07-24 13:38:00
P182,O182,21778,SUCCESS,B182,2026-08-04 08:52:00
P183,O183,23368,SUCCESS,B183,2026-08-15 13:25:00
P184,O184,24958,SUCCESS,B184,2026-08-26 08:39:00
P185,O185,26548,SUCCESS,B185,2026-07-10 13:53:00
P186,O186,28138,SUCCESS,B186,2026-07-21 09:07:00
P187,O187,29728,SUCCESS,B187,2026-08-01 13:40:00
P188,O188,31318,SUCCESS,B188,2026-08-12 08:54:00
P189,O189,31431,SUCCESS,B189,2026-08-23 13:59:00
P190,O190,33021,SUCCESS,B190,2026-07-07 08:32:00
P191,O191,34611,SUCCESS,B191,2026-07-18 13:46:00
P192,O192,36201,SUCCESS,B192,2026-07-29 09:00:00
P193,O193,37791,SUCCESS,B193,2026-08-09 13:33:00
P194,O194,39381,SUCCESS,B194,2026-08-20 08:47:00
P195,O195,40971,SUCCESS,B195,2026-08-31 14:01:00
P196,O196,41084,SUCCESS,B196,2026-07-15 08:34:00
P197,O197,42674,SUCCESS,B197,2026-07-26 13:48:00
P198,O198,44264,SUCCESS,B198,2026-08-06 08:53:00
P199,O199,45854,SUCCESS,B199,2026-08-17 13:26:00
P200,O200,47444,SUCCESS,B200,2026-08-28 08:40:00
