settlement_id,settlement_batch_id,merchant_id,gross_amount,fee_amount,net_amount,settlement_status,settled_at
S001,B001,M001,10000,300,9700,COMPLETED,2026-07-05 09:00:00
S002,B002,M001,4500,135,4365,COMPLETED,2026-07-05 09:05:00
S006,B006,M003,15000,600,14300,COMPLETED,2026-07-06 09:00:00
S007,B007,M001,3000,90,2910,COMPLETED,2026-07-06 09:05:00
S008,B008,M002,10000,350,9650,COMPLETED,2026-07-06 09:10:00
S017,B017,M001,25705,771,24934,COMPLETED,2026-07-21 16:45:00
S018,B018,M003,27292,1092,26200,COMPLETED,2026-08-02 12:50:00
S019,B019,M006,28879,1300,27579,COMPLETED,2026-08-14 18:23:00
S020,B020,M002,30646,1073,29573,PENDING,2026-08-22 09:37:00
S021,B021,M005,30759,769,29990,PENDING,2026-09-03 15:51:00
S022,B022,M002,32349,1132,31217,PENDING,2026-07-19 12:05:00
S023,B023,M005,33939,882,33091,COMPLETED,2026-07-31 17:38:00
S024,B024,M001,35529,1101,34463,COMPLETED,2026-08-08 13:52:00
S025,B025,M999,37119,0,37119,COMPLETED,2026-08-20 15:06:00
S026,B026,M004,38709,0,38709,COMPLETED,2026-09-01 10:39:00
S027,B027,M001,40299,1410,38889,COMPLETED,2026-07-17 16:44:00
S028,B028,M005,40662,1010,39402,COMPLETED,2026-07-25 12:58:00
S029,B029,M001,42002,1260,40742,COMPLETED,2026-08-06 18:21:00
S030,B030,M003,43592,1744,41848,COMPLETED,2026-08-14 08:33:00
S031,B031,M006,45182,2033,43149,COMPLETED,2026-08-30 15:59:00
S032,B032,M002,46772,1637,45135,COMPLETED,2026-07-11 11:32:00
S033,B033,M006,2162,97,2065,COMPLETED,2026-07-23 17:46:00
S034,B034,M002,3752,131,3621,COMPLETED,2026-08-04 14:00:00
S035,B035,M005,3865,97,3768,COMPLETED,2026-08-16 14:33:00
S036,B036,M001,5455,164,5291,COMPLETED,2026-08-24 10:38:00
S037,B037,M003,7045,282,6763,COMPLETED,2026-07-09 16:52:00
S038,B038,M006,8635,389,8246,COMPLETED,2026-07-21 12:25:00
S039,B039,M002,10225,358,9867,COMPLETED,2026-08-02 18:39:00
S040,B040,M005,11815,295,11520,COMPLETED,2026-08-10 09:53:00
S041,B041,M001,13405,402,13003,COMPLETED,2026-08-22 15:26:00
S042,B042,M003,13518,541,12977,COMPLETED,2026-09-03 11:40:00
S043,B043,M006,15108,680,14428,COMPLETED,2026-07-19 17:54:00
S044,B044,M003,16698,668,16030,COMPLETED,2026-07-27 14:08:00
S045,B045,M006,18288,823,17465,COMPLETED,2026-08-08 14:32:00
S046,B046,M002,19878,696,19182,COMPLETED,2026-08-20 10:46:00
S047,B047,M005,21468,537,20931,COMPLETED,2026-09-01 17:00:00
S048,B048,M001,23058,692,22366,COMPLETED,2026-07-13 12:33:00
S049,B049,M003,23171,927,22244,COMPLETED,2026-07-25 18:47:00
S050,B050,M006,24761,1114,23647,COMPLETED,2026-08-06 10:01:00
S051,B051,M002,26351,922,25429,COMPLETED,2026-08-18 15:34:00
S052,B052,M005,27941,699,27242,COMPLETED,2026-08-26 11:48:00
S053,B053,M001,29531,886,28645,COMPLETED,2026-07-11 18:02:00
S054,B054,M003,31121,1245,29876,COMPLETED,2026-07-23 13:26:00
S055,B055,M001,32711,981,31730,COMPLETED,2026-08-04 14:40:00
S056,B056,M003,32824,1313,31511,COMPLETED,2026-08-12 10:54:00
S057,B057,M006,34414,1549,32865,COMPLETED,2026-08-24 16:27:00
S058,B058,M002,36004,1260,34744,COMPLETED,2026-07-09 12:41:00
S059,B059,M005,37594,940,36654,COMPLETED,2026-07-21 18:55:00
S060,B060,M001,39184,1176,38008,COMPLETED,2026-07-29 09:28:00
S061,B061,M003,40774,1631,39143,COMPLETED,2026-08-10 15:42:00
S062,B062,M006,42364,1906,40458,COMPLETED,2026-08-22 11:56:00
S063,B063,M002,42477,1487,40990,COMPLETED,2026-09-03 18:01:00
S064,B064,M005,44067,1102,42965,COMPLETED,2026-07-15 13:34:00
S065,B065,M001,45657,1370,44287,COMPLETED,2026-07-27 14:48:00
S066,B066,M005,47247,1181,46066,COMPLETED,2026-08-08 11:02:00
S067,B067,M001,2637,79,2558,COMPLETED,2026-08-20 16:35:00
S068,B068,M003,4227,169,4058,COMPLETED,2026-08-28 12:49:00
S069,B069,M006,5817,262,5555,COMPLETED,2026-07-13 19:03:00
S070,B070,M002,5930,208,5722,COMPLETED,2026-07-25 09:36:00
S071,B071,M005,7520,188,7332,COMPLETED,2026-08-06 15:50:00
S072,B072,M001,9110,273,8837,COMPLETED,2026-08-14 11:55:00
S073,B073,M003,10700,428,10272,COMPLETED,2026-08-26 17:28:00
S074,B074,M006,12290,553,11737,COMPLETED,2026-07-11 13:42:00
S075,B075,M002,13880,486,13394,COMPLETED,2026-07-23 14:56:00
S076,B076,M005,15470,387,15083,COMPLETED,2026-07-31 10:29:00
S077,B077,M002,15583,545,15038,COMPLETED,2026-08-12 16:43:00
S078,B078,M005,17173,429,16744,COMPLETED,2026-08-24 12:57:00
S079,B079,M001,18763,563,18200,COMPLETED,2026-09-05 18:30:00
S080,B080,M003,20353,814,19539,COMPLETED,2026-07-17 09:44:00
S081,B081,M006,21943,987,20956,COMPLETED,2026-07-29 15:49:00
S082,B082,M002,23533,824,22709,COMPLETED,2026-08-10 11:22:00
S083,B083,M005,25123,628,24495,COMPLETED,2026-08-22 17:36:00
S084,B084,M001,25236,757,24479,COMPLETED,2026-08-30 13:50:00
S085,B085,M003,26826,1073,25753,COMPLETED,2026-07-15 15:04:00
S086,B086,M006,28416,1279,27137,COMPLETED,2026-07-27 10:37:00
S087,B087,M002,30006,1050,28956,COMPLETED,2026-08-08 16:51:00
S088,B088,M006,31596,1422,30174,COMPLETED,2026-08-16 13:05:00
S089,B089,M002,33186,1162,32024,COMPLETED,2026-08-28 18:38:00
S090,B090,M005,34776,869,33907,COMPLETED,2026-07-13 09:43:00
S091,B091,M001,34889,1047,33842,COMPLETED,2026-07-25 15:57:00
S092,B092,M003,36479,1459,35020,COMPLETED,2026-08-02 11:30:00
S093,B093,M006,38069,1713,36356,COMPLETED,2026-08-14 17:44:00
S094,B094,M002,39659,1388,38271,COMPLETED,2026-08-26 13:58:00
S095,B095,M005,41249,1031,40218,COMPLETED,2026-07-11 14:31:00
S096,B096,M001,42839,1285,41554,COMPLETED,2026-07-19 10:45:00
S097,B097,M003,44429,1777,42652,COMPLETED,2026-07-31 16:59:00
S098,B098,M006,44542,2004,42538,COMPLETED,2026-08-12 12:32:00
S099,B099,M003,46132,1845,44287,COMPLETED,2026-08-24 18:37:00
S100,B100,M006,47722,2147,45575,COMPLETED,2026-09-01 09:51:00
S101,B101,M002,3112,109,3003,COMPLETED,2026-07-17 15:24:00
S102,B102,M005,4702,118,4584,COMPLETED,2026-07-29 11:38:00
S103,B103,M001,6292,189,6103,COMPLETED,2026-08-10 17:52:00
S104,B104,M003,7882,315,7567,COMPLETED,2026-08-18 14:06:00
S105,B105,M006,7995,360,7635,COMPLETED,2026-08-30 14:39:00
S106,B106,M002,9585,335,9250,COMPLETED,2026-07-15 10:53:00
S107,B107,M005,11175,279,10896,COMPLETED,2026-07-27 17:07:00
S108,B108,M001,12765,383,12382,COMPLETED,2026-08-04 12:31:00
S109,B109,M003,14355,574,13781,COMPLETED,2026-08-16 18:45:00
S110,B110,M001,15945,478,15467,COMPLETED,2026-08-28 09:59:00
S111,B111,M003,17535,701,16834,COMPLETED,2026-07-13 15:32:00
S112,B112,M006,17648,794,16854,COMPLETED,2026-07-21 11:46:00
S113,B113,M002,19238,673,18565,COMPLETED,2026-08-02 18:00:00
S114,B114,M005,20828,521,20307,COMPLETED,2026-08-14 13:33:00
S115,B115,M001,22418,673,21745,COMPLETED,2026-08-26 14:47:00
S116,B116,M003,24008,960,23048,COMPLETED,2026-07-07 11:01:00
S117,B117,M006,25598,1152,24446,COMPLETED,2026-07-19 16:25:00
S118,B118,M002,27188,952,26236,COMPLETED,2026-07-31 12:39:00
S119,B119,M005,27301,683,26618,COMPLETED,2026-08-12 18:53:00
S120,B120,M001,28891,867,28024,COMPLETED,2026-08-20 09:26:00
S121,B121,M005,30481,762,29719,COMPLETED,2026-09-01 15:40:00
S122,B122,M001,32071,962,31109,COMPLETED,2026-07-17 11:54:00
S123,B123,M003,33661,1346,32315,COMPLETED,2026-07-29 17:27:00
S124,B124,M006,35251,1586,33665,COMPLETED,2026-08-06 13:41:00
S125,B125,M002,36841,1289,35552,COMPLETED,2026-08-18 14:55:00
S126,B126,M005,36954,924,36030,COMPLETED,2026-08-30 11:00:00
S127,B127,M001,38544,1156,37388,COMPLETED,2026-07-15 16:33:00
S128,B128,M003,40134,1605,38529,COMPLETED,2026-07-23 12:47:00
S129,B129,M006,41724,1878,39846,COMPLETED,2026-08-04 19:01:00
S130,B130,M002,43314,1516,41798,COMPLETED,2026-08-16 09:34:00
S131,B131,M005,44904,1123,43781,COMPLETED,2026-08-28 15:48:00
S132,B132,M002,46494,1627,44867,COMPLETED,2026-07-09 12:02:00
S133,B133,M005,46607,1165,45442,COMPLETED,2026-07-21 17:35:00
S134,B134,M001,1997,60,1937,COMPLETED,2026-08-02 13:49:00
S135,B135,M003,3587,143,3444,COMPLETED,2026-08-14 14:54:00
S136,B136,M006,5177,233,4944,COMPLETED,2026-08-22 10:27:00
S137,B137,M002,6767,237,6530,COMPLETED,2026-09-03 16:41:00
S138,B138,M005,8357,209,8148,COMPLETED,2026-07-19 12:55:00
S139,B139,M001,9947,298,9649,COMPLETED,2026-07-31 18:28:00
S140,B140,M003,10060,402,9658,COMPLETED,2026-08-08 09:42:00
S141,B141,M006,11650,524,11126,COMPLETED,2026-08-20 15:56:00
S142,B142,M002,13240,463,12777,COMPLETED,2026-09-01 11:29:00
S143,B143,M006,14830,667,14163,COMPLETED,2026-07-17 17:43:00
S144,B144,M002,16420,575,15845,COMPLETED,2026-07-25 13:48:00
S145,B145,M005,18010,450,17560,COMPLETED,2026-08-06 15:02:00
S146,B146,M001,19600,588,19012,COMPLETED,2026-08-18 10:35:00
S147,B147,M003,19713,789,18924,COMPLETED,2026-08-30 16:49:00
S148,B148,M006,21303,959,20344,COMPLETED,2026-07-11 13:03:00
S149,B149,M002,22893,801,22092,COMPLETED,2026-07-23 18:36:00
S150,B150,M005,24483,612,23871,COMPLETED,2026-08-04 09:50:00
S151,B151,M001,26073,782,25291,COMPLETED,2026-08-16 16:04:00
S152,B152,M003,27663,1107,26556,COMPLETED,2026-08-24 11:37:00
S153,B153,M006,29253,1316,27937,COMPLETED,2026-07-09 17:42:00
S154,B154,M003,29366,1175,28191,COMPLETED,2026-07-21 13:56:00
S155,B155,M006,30956,1393,29563,COMPLETED,2026-08-02 14:29:00
S156,B156,M002,32546,1139,31407,COMPLETED,2026-08-10 10:43:00
S157,B157,M005,34136,853,33283,COMPLETED,2026-08-22 16:57:00
S158,B158,M001,35726,1072,34654,COMPLETED,2026-09-03 12:30:00
S159,B159,M003,37316,1493,35823,COMPLETED,2026-07-19 18:44:00
S160,B160,M006,38906,1751,37155,COMPLETED,2026-07-27 09:58:00
S161,B161,M002,39019,1366,37653,COMPLETED,2026-08-08 15:31:00
S162,B162,M005,40609,1015,39594,COMPLETED,2026-08-20 11:36:00
S163,B163,M001,42199,1266,40933,COMPLETED,2026-09-01 17:50:00
S164,B164,M003,43789,1752,42037,COMPLETED,2026-07-13 13:23:00
S165,B165,M001,45379,1361,44018,COMPLETED,2026-07-25 14:37:00
S166,B166,M003,46969,1879,45090,COMPLETED,2026-08-06 10:51:00
S167,B167,M006,2359,106,2253,COMPLETED,2026-08-18 17:05:00
S168,B168,M002,2472,87,2385,COMPLETED,2026-08-26 12:38:00
S169,B169,M005,4062,102,3960,COMPLETED,2026-07-11 18:52:00
S170,B170,M001,5652,170,5482,COMPLETED,2026-07-23 10:06:00
S171,B171,M003,7242,290,6952,COMPLETED,2026-08-04 15:30:00
S172,B172,M006,8832,397,8435,COMPLETED,2026-08-12 11:44:00
S173,B173,M002,10422,365,10057,COMPLETED,2026-08-24 17:58:00
S174,B174,M005,12012,300,11712,COMPLETED,2026-07-09 13:31:00
S175,B175,M001,12125,364,11761,COMPLETED,2026-07-21 14:45:00
S176,B176,M005,13715,343,13372,COMPLETED,2026-07-29 10:59:00
S177,B177,M001,15305,459,14846,COMPLETED,2026-08-10 16:32:00
S178,B178,M003,16895,676,16219,COMPLETED,2026-08-22 12:46:00
S179,B179,M006,18485,832,17653,COMPLETED,2026-09-03 19:00:00
S180,B180,M002,20075,703,19372,COMPLETED,2026-07-15 09:24:00
S181,B181,M005,21665,542,21123,COMPLETED,2026-07-27 15:38:00
S182,B182,M001,21778,653,21125,COMPLETED,2026-08-08 11:52:00
S183,B183,M003,23368,935,22433,COMPLETED,2026-08-20 17:25:00
S184,B184,M006,24958,1123,23835,COMPLETED,2026-08-28 13:39:00
S185,B185,M002,26548,929,25619,COMPLETED,2026-07-13 14:53:00
S186,B186,M005,28138,703,27435,COMPLETED,2026-07-25 11:07:00
S187,B187,M002,29728,1040,28688,COMPLETED,2026-08-06 16:40:00
S188,B188,M005,31318,783,30535,COMPLETED,2026-08-14 12:54:00
S189,B189,M001,31431,943,30488,COMPLETED,2026-08-26 18:59:00
S190,B190,M003,33021,1321,31700,COMPLETED,2026-07-11 09:32:00
S191,B191,M006,34611,1557,33054,COMPLETED,2026-07-23 15:46:00
S192,B192,M002,36201,1267,34934,COMPLETED,2026-07-31 12:00:00
S193,B193,M005,37791,945,36846,COMPLETED,2026-08-12 17:33:00
S194,B194,M001,39381,1181,38200,COMPLETED,2026-08-24 13:47:00
S195,B195,M003,40971,1639,39332,COMPLETED,2026-09-05 15:01:00
S196,B196,M006,41084,1849,39235,COMPLETED,2026-07-17 10:34:00
S197,B197,M002,42674,1494,41180,COMPLETED,2026-07-29 16:48:00
S198,B198,M006,44264,1992,42272,COMPLETED,2026-08-10 12:53:00
S199,B199,M002,45854,1605,44249,COMPLETED,2026-08-22 18:26:00
S200,B200,M005,47444,1186,46258,COMPLETED,2026-08-30 09:40:00
